ime,prezime,datum_rodjenja,telefon_roditelja,ime_roditelja,kategorija_clanarine,datum_lekarskog,selekcija
Strahinja,Kostić,2014-08-17,069-294-4025,Tijana Kostić,popust10,2026-03-18,Pioniri
Filip,Obradović,2014-05-05,061-651-1686,Jovana Obradović,popust20,2026-04-29,Pioniri
Teodor,Đukić,2015-03-20,060-951-9656,Ivana Đukić,regularna,,Pioniri
Aleksa,Ilić,2015-01-25,067-434-8217,Katarina Ilić,popust20,2026-04-12,Pioniri
Lazar,Stanković,2014-01-22,061-568-5557,Nađa Stanković,regularna,2026-08-01,Pioniri
Vukan,Lukić,2013-09-10,060-171-2768,Lena Lukić,regularna,,Pioniri
Uroš,Milošević,2013-11-01,063-314-1857,Ana Milošević,popust10,2026-02-22,Pioniri
Bogdan,Simić,2015-11-07,064-444-2427,Ana Simić,regularna,2026-05-10,Pioniri
Ivan,Antić,2013-04-23,061-111-1981,Jovana Antić,regularna,2026-07-08,Pioniri
Jovan,Cvetković,2014-09-07,062-529-7287,Anđela Cvetković,regularna,2026-06-29,Pioniri
Vukan,Jovanović,2015-05-01,063-291-7459,Zoe Jovanović,popust20,2026-07-28,Pioniri
Luka,Petrović,2014-05-01,069-436-5854,Anđela Petrović,regularna,,Pioniri
Ognjen,Nikolić,2015-04-01,069-477-7089,Jelena Nikolić,popust20,2026-03-25,Pioniri
Damjan,Stevanović,2013-07-06,062-418-4741,Jelena Stevanović,popust20,2026-07-05,Pioniri
Teodor,Stojanović,2015-04-22,066-594-2286,Elena Stojanović,regularna,,Pioniri
Nikola,Marković,2014-04-24,066-363-7894,Kristina Marković,popust20,2026-04-11,Pioniri
Ivan,Stojanović,2013-03-08,067-672-2214,Nikolina Stojanović,regularna,2026-07-01,Pioniri
Marko,Savić,2014-07-15,063-161-1763,Ana Savić,regularna,2026-04-09,Pioniri
Luka,Jović,2014-03-15,065-772-9551,Ana Jović,popust20,2026-03-24,Pioniri
Ivan,Petrović,2014-06-23,064-134-1348,Mila Petrović,popust20,2026-04-21,Pioniri
Nikolina,Nikolić,2014-03-03,061-563-9947,Vuk Nikolić,regularna,2026-02-15,Pionirke
Mia,Savić,2014-06-03,067-179-7834,Luka Savić,regularna,2026-03-29,Pionirke
Ivana,Jovanović,2014-07-19,060-723-2183,Relja Jovanović,regularna,,Pionirke
Milica,Marković,2014-12-11,066-852-8499,Aleksa Marković,regularna,2026-04-06,Pionirke
Kristina,Nikolić,2015-01-10,069-189-8879,Matija Nikolić,regularna,2026-02-25,Pionirke
Dunja,Marković,2015-11-16,064-111-7028,Matija Marković,regularna,,Pionirke
Anđela,Živković,2013-06-22,067-610-4956,Pavle Živković,regularna,2026-06-19,Pionirke
Elena,Ilić,2013-04-13,063-697-6185,Bogdan Ilić,regularna,,Pionirke
Sara,Stevanović,2013-12-03,064-941-3771,Damjan Stevanović,regularna,2026-06-13,Pionirke
Anđela,Aksentijević,2014-07-21,068-605-6167,Damjan Aksentijević,drugo_dete,2026-03-16,Pionirke
Lena,Kostić,2013-05-28,069-142-5605,Stefan Kostić,popust20,2026-03-09,Pionirke
Jelena,Obradović,2015-03-13,067-294-1405,Marko Obradović,oslobodjen,2026-06-23,Pionirke
Teodora,Antić,2013-11-04,067-211-9771,Đorđe Antić,popust30,2026-05-20,Pionirke
Nina,Nikolić,2013-08-09,062-831-1176,Ognjen Nikolić,trece_dete,2026-02-21,Pionirke
Marija,Petrović,2014-06-18,068-612-3608,Mihailo Petrović,regularna,2026-02-24,Pionirke
Katarina,Blagojević,2014-12-13,062-561-8430,Stefan Blagojević,regularna,2026-08-21,Pionirke
Tijana,Simić,2015-09-26,065-574-6348,Miloš Simić,popust30,2026-07-28,Pionirke
Zoe,Savić,2015-12-04,063-348-7393,Damjan Savić,regularna,2026-04-07,Pionirke
Hana,Obradović,2014-12-28,060-456-9269,Andrej Obradović,regularna,,Pionirke
Tijana,Todorović,2014-08-01,063-928-2049,Bogdan Todorović,regularna,2026-07-09,Pionirke
Andrej,Radovanović,2010-08-05,068-840-9490,Nina Radovanović,drugo_dete,2026-04-18,Kadeti
Vasilije,Jović,2010-08-17,068-397-3692,Ana Jović,popust10,2026-04-01,Kadeti
Vuk,Pavlović,2011-10-07,064-971-3312,Nina Pavlović,popust10,2026-03-29,Kadeti
Ognjen,Stevanović,2012-02-17,060-719-7177,Vasilija Stevanović,regularna,2026-08-11,Kadeti
Ivan,Popović,2012-10-04,067-195-3732,Ema Popović,regularna,2026-04-27,Kadeti
Ivan,Vasić,2011-05-08,067-604-3080,Isidora Vasić,regularna,2026-01-26,Kadeti
Aleksa,Aksentijević,2011-09-11,061-296-7873,Hana Aksentijević,popust20,,Kadeti
Luka,Pavlović,2010-01-07,062-332-1193,Mia Pavlović,drugo_dete,2026-02-18,Kadeti
Mihailo,Ristić,2011-02-16,069-225-9363,Ivana Ristić,popust20,2026-07-03,Kadeti
Pavle,Lukić,2011-01-13,066-944-9672,Lara Lukić,popust20,2026-07-01,Kadeti
Lazar,Vuković,2012-04-17,063-971-9895,Tijana Vuković,popust20,2026-07-19,Kadeti
Ivan,Stanković,2012-06-06,065-717-6160,Nikolina Stanković,regularna,2026-07-04,Kadeti
Aleksandar,Blagojević,2010-03-24,061-365-7355,Teodora Blagojević,regularna,2026-05-07,Kadeti
Đorđe,Radovanović,2010-04-13,060-198-4292,Mia Radovanović,popust20,2026-01-24,Kadeti
Aleksandar,Ristić,2012-11-25,065-614-4096,Mia Ristić,regularna,2026-08-16,Kadeti
Matija,Petrović,2012-09-19,067-250-4105,Tijana Petrović,regularna,,Kadeti
Damjan,Stojanović,2011-11-04,069-163-3202,Marija Stojanović,drugo_dete,2026-02-08,Kadeti
Andrej,Marković,2011-07-17,065-540-4442,Ema Marković,popust20,2026-03-13,Kadeti
Nikola,Lukić,2010-03-14,067-468-7065,Zoe Lukić,regularna,2026-03-21,Kadeti
Aleksandar,Stojanović,2010-06-03,066-683-4128,Kristina Stojanović,popust10,2026-05-27,Kadeti
Aleksandra,Obradović,2011-02-24,062-934-7645,Vukan Obradović,regularna,2026-04-07,Kadetkinje
Sara,Lukić,2011-03-13,063-839-4028,Matija Lukić,regularna,2026-06-06,Kadetkinje
Jovana,Stevanović,2011-11-20,060-337-5472,Marko Stevanović,popust30,2026-06-28,Kadetkinje
Ema,Cvetković,2010-09-03,066-627-9152,Miloš Cvetković,popust30,2026-07-23,Kadetkinje
Ema,Antić,2010-02-20,061-856-4883,Miloš Antić,regularna,2026-04-15,Kadetkinje
Aleksandra,Petrović,2012-07-01,061-364-5110,Ognjen Petrović,regularna,2026-04-04,Kadetkinje
Kristina,Radovanović,2012-10-28,061-753-8280,Bogdan Radovanović,popust30,,Kadetkinje
Nina,Živković,2010-07-06,066-583-3770,Matija Živković,popust10,2026-03-23,Kadetkinje
Vasilija,Petrović,2011-05-17,066-712-6118,Petar Petrović,regularna,2026-04-21,Kadetkinje
Milica,Đukić,2011-11-23,064-127-1229,Jovan Đukić,oslobodjen,2026-08-12,Kadetkinje
Marija,Đukić,2012-07-02,065-866-7517,Bogdan Đukić,regularna,2026-02-18,Kadetkinje
Ana,Todorović,2010-07-24,067-356-4992,Đorđe Todorović,regularna,2026-01-27,Kadetkinje
Hana,Savić,2010-04-20,061-151-7834,David Savić,regularna,,Kadetkinje
Sofija,Vuković,2012-03-04,065-553-3290,Nemanja Vuković,popust30,2026-03-22,Kadetkinje
Elena,Pavlović,2012-07-12,068-934-3244,Miloš Pavlović,regularna,2026-06-22,Kadetkinje
Jovana,Stevanović,2011-09-20,065-381-5448,Pavle Stevanović,popust20,2026-03-31,Kadetkinje
Jelena,Lukić,2012-05-25,063-294-5078,Ognjen Lukić,popust10,2026-07-03,Kadetkinje
Nina,Blagojević,2012-01-01,064-365-7966,Nikola Blagojević,regularna,2026-07-27,Kadetkinje
Tijana,Stanković,2010-02-22,062-663-4846,Vukan Stanković,popust30,2026-04-21,Kadetkinje
Sara,Stevanović,2011-06-16,062-958-2218,Ognjen Stevanović,regularna,2026-01-24,Kadetkinje
Damjan,Živković,2005-08-14,064-499-3468,Aleksandra Živković,regularna,2026-03-23,Seniori
Vuk,Todorović,2005-07-21,065-694-2589,Tijana Todorović,regularna,2026-08-02,Seniori
Stefan,Radovanović,2008-10-16,067-406-1152,Vasilija Radovanović,regularna,2026-03-06,Seniori
Stefan,Živković,2006-08-24,065-389-3341,Mia Živković,regularna,2026-02-18,Seniori
Nemanja,Todorović,2004-06-23,067-682-5574,Hana Todorović,regularna,2026-06-05,Seniori
Andrej,Kostić,2007-12-17,063-186-6925,Katarina Kostić,regularna,,Seniori
Uroš,Cvetković,2007-04-24,069-477-7393,Jelena Cvetković,popust10,2026-03-24,Seniori
Filip,Jović,2004-08-28,064-931-1364,Marija Jović,regularna,2026-04-05,Seniori
Miloš,Stojanović,2004-11-27,066-165-9959,Nađa Stojanović,regularna,2026-08-01,Seniori
Stefan,Todorović,2004-06-03,060-749-3357,Milica Todorović,regularna,2026-03-09,Seniori
Mihailo,Vasić,2005-08-25,068-446-8521,Mia Vasić,regularna,2026-01-28,Seniori
Relja,Todorović,2007-08-18,061-825-1757,Teodora Todorović,regularna,2026-03-05,Seniori
Strahinja,Ristić,2007-02-15,068-755-1398,Mila Ristić,popust10,2026-08-20,Seniori
Aleksandar,Obradović,2007-03-08,062-750-7152,Vasilija Obradović,drugo_dete,2026-07-01,Seniori
Bogdan,Simić,2006-05-02,067-415-2881,Kristina Simić,regularna,2026-02-05,Seniori
Filip,Aksentijević,2004-08-01,069-592-1595,Hana Aksentijević,regularna,,Seniori
Nemanja,Stojanović,2008-04-20,067-709-9333,Anđela Stojanović,regularna,2026-06-12,Seniori
Filip,Simić,2006-11-18,068-590-5267,Hana Simić,popust10,2026-05-27,Seniori
Jovan,Cvetković,2004-08-28,063-509-1814,Aleksandra Cvetković,regularna,2026-01-29,Seniori
Uroš,Obradović,2008-05-26,060-773-4893,Kristina Obradović,regularna,2026-05-19,Seniori
Isidora,Kostić,2007-10-28,062-525-3570,Mihailo Kostić,oslobodjen,2026-06-17,Seniorke
Zoe,Aksentijević,2008-03-21,069-372-9453,Đorđe Aksentijević,popust10,,Seniorke
Aleksandra,Jović,2004-04-27,062-941-3103,Filip Jović,regularna,2026-03-18,Seniorke
Kristina,Lukić,2007-12-15,061-866-9903,Aleksandar Lukić,popust10,2026-02-01,Seniorke
Vasilija,Ilić,2004-08-07,060-656-7769,Ognjen Ilić,popust10,2026-06-04,Seniorke
Nađa,Todorović,2004-09-10,067-783-2098,Uroš Todorović,regularna,,Seniorke
Jovana,Đorđević,2007-11-15,061-769-8295,Relja Đorđević,regularna,2026-02-21,Seniorke
Dunja,Lukić,2006-10-04,067-890-1171,Mihailo Lukić,drugo_dete,2026-03-18,Seniorke
Nađa,Đorđević,2007-09-24,064-445-7425,Lazar Đorđević,popust10,2026-06-18,Seniorke
Anđela,Ilić,2004-06-10,064-676-8697,Uroš Ilić,drugo_dete,2026-04-30,Seniorke
Ema,Filipović,2004-03-20,061-234-3936,Stefan Filipović,regularna,2026-08-13,Seniorke
Anastasija,Filipović,2004-02-08,060-260-3033,Miloš Filipović,regularna,2026-08-04,Seniorke
Hana,Todorović,2007-09-05,063-885-3424,Damjan Todorović,drugo_dete,2026-05-30,Seniorke
Vasilija,Aksentijević,2004-12-13,069-816-6205,Dušan Aksentijević,regularna,2026-03-20,Seniorke
Mila,Popović,2006-04-11,064-766-8229,Vukan Popović,regularna,2026-07-01,Seniorke
Lena,Popović,2006-02-20,062-359-9828,Đorđe Popović,regularna,2026-05-24,Seniorke
Kristina,Živković,2005-10-23,063-628-4230,Pavle Živković,popust20,2026-03-15,Seniorke
Anđela,Cvetković,2004-03-08,067-690-7840,Matija Cvetković,drugo_dete,2026-07-30,Seniorke
Zoe,Aksentijević,2006-08-04,067-847-3221,Nemanja Aksentijević,regularna,2026-04-05,Seniorke
Tijana,Radovanović,2008-05-06,065-715-3386,Stefan Radovanović,regularna,2026-08-22,Seniorke
Sara,Blagojević,2008-06-27,062-290-9976,Mihailo Blagojević,regularna,2026-05-11,Škola odbojke Banjica
Vuk,Đorđević,2007-10-19,060-262-4269,Aleksandra Đorđević,regularna,2026-07-17,Škola odbojke Banjica
Ema,Jović,2014-09-05,064-349-6441,Filip Jović,regularna,2026-08-13,Škola odbojke Banjica
Dušan,Stevanović,2011-06-14,069-805-7667,Jovana Stevanović,trece_dete,2026-04-26,Škola odbojke Banjica
Jelena,Marković,2012-06-17,068-542-7887,Aleksandar Marković,regularna,2026-08-09,Škola odbojke Banjica
Lara,Živković,2007-10-11,064-707-2143,Bogdan Živković,regularna,,Škola odbojke Banjica
Zoe,Popović,2013-08-23,061-638-4918,Uroš Popović,popust10,2026-05-13,Škola odbojke Banjica
Teodor,Aksentijević,2015-06-28,068-531-3689,Zoe Aksentijević,regularna,2026-05-07,Škola odbojke Banjica
Pavle,Marković,2013-02-18,069-564-1009,Isidora Marković,regularna,2026-06-07,Škola odbojke Banjica
Stefan,Stojanović,2011-09-13,062-465-4781,Anastasija Stojanović,regularna,2026-04-28,Škola odbojke Banjica
Dunja,Todorović,2011-04-07,064-979-1966,Luka Todorović,regularna,2026-05-24,Škola odbojke Banjica
Elena,Stojanović,2015-09-07,068-747-4870,Aleksa Stojanović,regularna,2026-08-10,Škola odbojke Banjica
Damjan,Savić,2011-07-23,062-442-8293,Lena Savić,regularna,,Škola odbojke Banjica
Vasilije,Marković,2010-05-06,063-613-5840,Mia Marković,regularna,2026-03-06,Škola odbojke Banjica
Mihailo,Popović,2005-11-08,064-235-2474,Nađa Popović,regularna,2026-05-02,Škola odbojke Banjica
Nikola,Aksentijević,2008-10-10,068-356-7937,Mila Aksentijević,popust20,,Škola odbojke Banjica
Marija,Stanković,2015-09-01,062-909-3470,Vukan Stanković,regularna,2026-02-11,Škola odbojke Banjica
Lara,Aksentijević,2013-03-03,068-895-6892,Petar Aksentijević,regularna,2026-02-03,Škola odbojke Banjica
Pavle,Milošević,2008-12-18,062-708-3706,Vanja Milošević,regularna,2026-06-23,Škola odbojke Banjica
Milica,Antić,2005-05-16,068-326-9174,Đorđe Antić,regularna,,Škola odbojke Banjica
Strahinja,Kostić,2005-06-05,069-118-9128,Lara Kostić,regularna,2026-02-18,Škola odbojke Banjica
Jovana,Nikolić,2013-10-21,068-693-4898,Ivan Nikolić,popust20,,Škola odbojke Banjica
Mia,Petrović,2012-12-17,064-883-9164,Andrej Petrović,regularna,2026-04-14,Škola odbojke Banjica
Mihailo,Pavlović,2011-12-22,069-905-8447,Marija Pavlović,regularna,2026-04-25,Škola odbojke Banjica
Mia,Ilić,2005-08-25,069-237-3368,Nikola Ilić,trece_dete,2026-02-13,Škola odbojke Banjica
Bogdan,Stanković,2015-03-03,066-669-5883,Lara Stanković,popust10,2026-08-03,Škola odbojke Banjica
Matija,Lukić,2008-04-10,064-221-4959,Nikolina Lukić,regularna,2026-06-25,Škola odbojke Banjica
Hana,Todorović,2010-01-06,066-699-1958,Dušan Todorović,trece_dete,2026-02-26,Škola odbojke Banjica
Uroš,Vuković,2010-07-13,060-320-7856,Hana Vuković,regularna,2026-01-31,Škola odbojke Banjica
Uroš,Ilić,2012-08-25,064-583-8325,Anđela Ilić,popust10,2026-03-02,Škola odbojke Banjica
Jovan,Ilić,2011-02-02,064-471-5497,Ema Ilić,popust20,,Škola odbojke Banjica
Pavle,Pavlović,2008-11-23,063-375-2694,Ema Pavlović,regularna,,Škola odbojke Banjica
Katarina,Antić,2013-01-11,066-560-2362,Teodor Antić,regularna,2026-02-06,Škola odbojke Banjica
Dušan,Simić,2011-01-07,062-626-3091,Katarina Simić,regularna,2026-05-09,Škola odbojke Banjica
Mia,Radovanović,2012-12-18,064-421-8400,Luka Radovanović,popust30,2026-07-01,Škola odbojke Banjica
Anastasija,Lukić,2005-07-17,065-331-2681,Uroš Lukić,regularna,2026-03-19,Škola odbojke Banjica
Strahinja,Petrović,2015-11-16,069-111-5883,Mila Petrović,popust30,2026-06-28,Škola odbojke Banjica
Aleksandra,Marković,2006-04-26,064-192-8007,Strahinja Marković,regularna,2026-08-07,Škola odbojke Banjica
Lena,Aksentijević,2011-12-09,063-262-7593,Vuk Aksentijević,regularna,2026-07-11,Škola odbojke Banjica
Katarina,Lukić,2004-12-11,066-923-3470,Pavle Lukić,popust10,2026-02-24,Škola odbojke Banjica
Mila,Aksentijević,2007-02-12,061-514-5456,Aleksa Aksentijević,regularna,2026-03-26,Škola odbojke Banjica
Lena,Savić,2011-02-01,060-455-6300,Aleksa Savić,regularna,2026-06-16,Škola odbojke Banjica
Uroš,Stevanović,2006-06-01,069-824-4547,Ivana Stevanović,oslobodjen,,Škola odbojke Banjica
Bogdan,Radovanović,2007-02-09,061-949-8601,Ivana Radovanović,regularna,2026-05-16,Škola odbojke Banjica
Pavle,Cvetković,2014-08-12,067-121-3455,Milica Cvetković,popust20,2026-06-25,Škola odbojke Banjica
Katarina,Stanković,2004-09-13,060-345-9962,Pavle Stanković,popust10,2026-02-08,Škola odbojke Banjica
Jovan,Filipović,2006-05-12,061-119-6134,Lara Filipović,drugo_dete,2026-05-13,Škola odbojke Banjica
Filip,Filipović,2014-10-23,067-924-5811,Marija Filipović,regularna,2026-05-21,Škola odbojke Banjica
Katarina,Đukić,2014-12-06,068-855-3064,Nemanja Đukić,regularna,2026-01-25,Škola odbojke Banjica
Aleksandar,Milošević,2007-09-25,067-141-3663,Zoe Milošević,popust20,2026-04-21,Škola odbojke Banjica
Uroš,Pavlović,2012-12-13,064-833-5125,Kristina Pavlović,regularna,2026-05-31,Škola odbojke Zvezdara
Matija,Vuković,2012-03-19,066-756-3057,Anđela Vuković,popust20,2026-06-15,Škola odbojke Zvezdara
Uroš,Ilić,2015-05-08,062-114-8730,Ivana Ilić,popust20,2026-02-01,Škola odbojke Zvezdara
Vukan,Lukić,2011-11-22,066-495-3273,Vasilija Lukić,regularna,2026-07-23,Škola odbojke Zvezdara
Nemanja,Milošević,2015-02-13,065-127-9889,Nikolina Milošević,popust10,2026-08-05,Škola odbojke Zvezdara
Zoe,Obradović,2012-05-08,066-839-7687,Damjan Obradović,trece_dete,,Škola odbojke Zvezdara
Anđela,Lukić,2006-03-15,062-953-2755,Jovan Lukić,popust10,2026-06-19,Škola odbojke Zvezdara
Teodora,Marković,2010-05-19,069-247-5485,Andrej Marković,popust30,2026-06-01,Škola odbojke Zvezdara
Ognjen,Stevanović,2015-05-18,060-255-2054,Sara Stevanović,regularna,2026-06-04,Škola odbojke Zvezdara
Andrej,Stojanović,2013-04-28,066-595-1526,Dunja Stojanović,regularna,2026-04-01,Škola odbojke Zvezdara
Anđela,Petrović,2008-11-27,069-358-5540,Jovan Petrović,regularna,2026-06-20,Škola odbojke Zvezdara
Nikolina,Filipović,2005-01-06,068-221-2223,Nikola Filipović,regularna,2026-02-11,Škola odbojke Zvezdara
Anastasija,Popović,2013-02-12,060-885-9638,Marko Popović,regularna,2026-02-01,Škola odbojke Zvezdara
Isidora,Milošević,2012-02-16,066-960-7693,Jovan Milošević,regularna,2026-03-16,Škola odbojke Zvezdara
Luka,Jović,2014-07-24,065-618-5535,Katarina Jović,regularna,2026-04-29,Škola odbojke Zvezdara
Ana,Pavlović,2012-06-20,061-370-6485,Aleksa Pavlović,regularna,2026-06-29,Škola odbojke Zvezdara
Jovan,Đorđević,2005-03-12,061-259-3341,Nađa Đorđević,regularna,2026-05-04,Škola odbojke Zvezdara
Pavle,Simić,2014-02-11,068-960-4353,Sofija Simić,regularna,2026-06-01,Škola odbojke Zvezdara
Miloš,Marković,2007-08-08,067-518-3913,Lena Marković,regularna,,Škola odbojke Zvezdara
Marija,Blagojević,2011-09-01,062-847-7195,Matija Blagojević,popust30,,Škola odbojke Zvezdara
Mia,Vuković,2011-09-19,061-224-8425,Lazar Vuković,regularna,2026-05-07,Škola odbojke Zvezdara
Ema,Stanković,2008-10-02,068-132-9654,Dušan Stanković,popust30,2026-06-11,Škola odbojke Zvezdara
Ivan,Petrović,2005-09-15,065-362-6127,Lena Petrović,regularna,2026-04-03,Škola odbojke Zvezdara
Teodora,Vuković,2014-02-08,062-960-3332,Matija Vuković,regularna,2026-04-14,Škola odbojke Zvezdara
Marija,Nikolić,2010-12-11,064-630-6714,Strahinja Nikolić,regularna,2026-08-19,Škola odbojke Zvezdara
Milica,Stevanović,2013-02-04,068-551-9040,Lazar Stevanović,regularna,,Škola odbojke Zvezdara
Zoe,Antić,2013-03-26,065-282-2643,Jovan Antić,regularna,,Škola odbojke Zvezdara
Nađa,Filipović,2014-03-20,066-131-8629,Aleksandar Filipović,popust10,,Škola odbojke Zvezdara
Andrej,Đukić,2005-09-22,066-487-1251,Lara Đukić,regularna,2026-03-14,Škola odbojke Zvezdara
Anđela,Živković,2005-03-25,062-275-8642,Vasilije Živković,regularna,,Škola odbojke Zvezdara
Dušan,Ristić,2011-05-07,060-170-4367,Ivana Ristić,trece_dete,2026-06-04,Škola odbojke Zvezdara
Ana,Đorđević,2014-07-12,069-518-5575,Lazar Đorđević,regularna,,Škola odbojke Zvezdara
Pavle,Ristić,2014-04-16,069-220-5667,Mia Ristić,regularna,2026-06-10,Škola odbojke Zvezdara
David,Đukić,2007-07-07,066-715-4610,Katarina Đukić,regularna,2026-05-21,Škola odbojke Zvezdara
Jelena,Milošević,2012-05-10,060-788-5009,David Milošević,regularna,2026-07-20,Škola odbojke Zvezdara
Milica,Vasić,2010-10-04,068-773-2629,Andrej Vasić,regularna,2026-07-31,Škola odbojke Zvezdara
Mila,Ristić,2015-11-23,065-935-1380,Teodor Ristić,popust30,2026-04-24,Škola odbojke Zvezdara
David,Stojanović,2011-08-22,069-162-4641,Kristina Stojanović,regularna,2026-05-13,Škola odbojke Zvezdara
Tijana,Đukić,2013-01-03,067-771-7574,Vasilije Đukić,popust30,2026-04-12,Škola odbojke Zvezdara
Damjan,Ristić,2012-07-04,061-103-3733,Teodora Ristić,popust30,2026-02-02,Škola odbojke Zvezdara
Nikolina,Obradović,2004-07-15,062-116-7077,Petar Obradović,regularna,2026-08-16,Škola odbojke Zvezdara
Jovan,Vasić,2012-02-25,061-408-9311,Tijana Vasić,popust20,,Škola odbojke Zvezdara
Stefan,Cvetković,2015-05-10,065-896-5028,Kristina Cvetković,regularna,2026-04-25,Škola odbojke Zvezdara
David,Jović,2015-02-15,062-971-2709,Marija Jović,popust10,2026-03-31,Škola odbojke Zvezdara
Dušan,Živković,2012-02-14,060-334-3518,Zoe Živković,regularna,2026-02-21,Škola odbojke Zvezdara
Kristina,Milošević,2013-07-04,067-407-9899,Dušan Milošević,popust30,2026-02-05,Škola odbojke Zvezdara
Vuk,Vasić,2010-05-18,061-772-7868,Ana Vasić,regularna,2026-07-01,Škola odbojke Zvezdara
Ivan,Popović,2004-07-21,064-373-5231,Lara Popović,regularna,2026-05-05,Škola odbojke Zvezdara
Elena,Ristić,2011-08-04,060-418-9701,Bogdan Ristić,regularna,2026-05-17,Škola odbojke Zvezdara
Katarina,Filipović,2010-12-12,060-421-6891,Relja Filipović,popust10,2026-04-11,Škola odbojke Zvezdara
Sara,Jovanović,2008-02-01,069-465-5035,Bogdan Jovanović,regularna,2026-02-26,Škola odbojke Vračar
Ivana,Ilić,2012-01-11,062-609-2931,Matija Ilić,popust10,2026-05-26,Škola odbojke Vračar
Vukan,Ilić,2014-07-21,065-511-2471,Jelena Ilić,regularna,2026-07-29,Škola odbojke Vračar
Damjan,Stanković,2011-01-11,062-939-3554,Milica Stanković,regularna,2026-08-08,Škola odbojke Vračar
Ivana,Simić,2015-03-11,060-731-4465,Stefan Simić,popust20,2026-01-24,Škola odbojke Vračar
Nina,Todorović,2010-03-26,061-551-3294,Lazar Todorović,regularna,2026-03-02,Škola odbojke Vračar
Lena,Kostić,2015-12-03,061-954-6831,Aleksa Kostić,popust30,2026-02-21,Škola odbojke Vračar
Uroš,Marković,2008-02-28,063-199-7796,Nađa Marković,regularna,2026-07-22,Škola odbojke Vračar
Bogdan,Stevanović,2011-07-07,067-605-8155,Sofija Stevanović,drugo_dete,2026-04-14,Škola odbojke Vračar
Nikolina,Radovanović,2013-10-11,063-115-6673,Strahinja Radovanović,regularna,2026-05-18,Škola odbojke Vračar
Jelena,Jović,2011-06-25,069-251-8872,Damjan Jović,drugo_dete,2026-05-31,Škola odbojke Vračar
Mihailo,Stevanović,2006-06-24,066-688-1739,Elena Stevanović,regularna,2026-01-29,Škola odbojke Vračar
Mia,Stanković,2011-10-03,068-284-7779,Ognjen Stanković,popust10,2026-04-20,Škola odbojke Vračar
Matija,Stojanović,2013-11-10,068-967-3461,Ivana Stojanović,regularna,2026-05-24,Škola odbojke Vračar
Andrej,Stevanović,2005-08-25,065-925-5952,Dunja Stevanović,regularna,2026-07-14,Škola odbojke Vračar
Jovan,Vuković,2015-06-04,062-883-4114,Nikolina Vuković,popust20,2026-05-20,Škola odbojke Vračar
Isidora,Marković,2011-10-28,064-213-5082,Vasilije Marković,regularna,,Škola odbojke Vračar
Nađa,Milošević,2008-03-09,067-177-5466,Vukan Milošević,regularna,2026-06-12,Škola odbojke Vračar
Damjan,Stojanović,2012-03-20,061-656-3666,Zoe Stojanović,popust10,2026-02-24,Škola odbojke Vračar
Vasilija,Petrović,2011-11-26,068-339-8880,Ivan Petrović,regularna,2026-05-26,Škola odbojke Vračar
Vukan,Popović,2006-04-03,068-212-2176,Jelena Popović,regularna,2026-07-27,Škola odbojke Vračar
Vuk,Ristić,2013-01-22,061-244-1486,Sara Ristić,regularna,2026-02-28,Škola odbojke Vračar
Relja,Popović,2010-09-23,065-727-9175,Marija Popović,regularna,2026-07-27,Škola odbojke Vračar
Anđela,Stevanović,2015-08-01,068-674-2458,Stefan Stevanović,regularna,2026-06-18,Škola odbojke Vračar
Milica,Lukić,2015-03-28,066-913-1330,Luka Lukić,popust20,2026-03-24,Škola odbojke Vračar
Aleksandra,Nikolić,2013-01-04,061-405-5928,Pavle Nikolić,regularna,2026-07-15,Škola odbojke Vračar
Pavle,Živković,2008-11-26,061-100-7082,Zoe Živković,regularna,2026-06-28,Škola odbojke Vračar
Sara,Vasić,2013-06-13,060-888-4962,Andrej Vasić,regularna,,Škola odbojke Vračar
Lena,Savić,2006-08-21,063-524-3878,Pavle Savić,regularna,,Škola odbojke Vračar
Katarina,Stevanović,2011-03-08,069-366-9564,Đorđe Stevanović,popust20,2026-08-17,Škola odbojke Vračar
Stefan,Stanković,2012-06-24,063-790-1564,Nađa Stanković,regularna,2026-08-02,Škola odbojke Vračar
Nikola,Ilić,2012-03-12,065-171-2198,Vasilija Ilić,regularna,2026-05-07,Škola odbojke Vračar
Ognjen,Obradović,2011-09-19,061-587-1226,Ema Obradović,regularna,2026-05-17,Škola odbojke Vračar
Filip,Aksentijević,2010-04-06,067-331-6217,Teodora Aksentijević,regularna,,Škola odbojke Vračar
Vasilije,Obradović,2013-04-08,062-818-4882,Lena Obradović,drugo_dete,2026-03-04,Škola odbojke Vračar
Nikolina,Ristić,2011-03-28,061-289-6693,Aleksandar Ristić,drugo_dete,,Škola odbojke Vračar
Jelena,Stojanović,2011-09-17,068-935-8249,Aleksandar Stojanović,trece_dete,2026-06-16,Škola odbojke Vračar
Mihailo,Đukić,2013-05-25,068-290-3626,Mila Đukić,regularna,2026-07-27,Škola odbojke Vračar
Lara,Obradović,2011-06-20,067-576-1639,Dušan Obradović,regularna,,Škola odbojke Vračar
Anastasija,Jovanović,2008-07-18,060-388-3667,Matija Jovanović,regularna,2026-02-15,Škola odbojke Vračar
Mihailo,Jovanović,2014-10-21,061-576-1403,Vasilija Jovanović,regularna,2026-07-11,Škola odbojke Vračar
Milica,Todorović,2015-09-12,067-356-6195,Strahinja Todorović,regularna,2026-03-27,Škola odbojke Vračar
Jelena,Radovanović,2011-06-16,063-793-3664,David Radovanović,regularna,2026-06-10,Škola odbojke Vračar
Mihailo,Todorović,2008-07-06,065-390-2588,Tijana Todorović,popust30,2026-05-26,Škola odbojke Vračar
Dunja,Marković,2008-11-13,060-778-9134,Teodor Marković,regularna,2026-03-29,Škola odbojke Vračar
Lena,Nikolić,2015-08-02,062-127-5589,Petar Nikolić,popust10,2026-08-01,Škola odbojke Vračar
Jelena,Stanković,2014-01-09,063-748-9256,Damjan Stanković,regularna,2026-04-02,Škola odbojke Vračar
Strahinja,Stevanović,2013-05-11,068-615-6611,Dunja Stevanović,regularna,2026-02-27,Škola odbojke Vračar
Hana,Cvetković,2012-04-26,064-929-5877,Luka Cvetković,regularna,,Škola odbojke Vračar
Katarina,Lukić,2010-09-22,065-582-7550,Nikola Lukić,popust30,2026-03-05,Škola odbojke Vračar
Vuk,Pavlović,2014-05-09,062-725-5283,Zoe Pavlović,drugo_dete,2026-07-21,Škola odbojke Novi Beograd
Bogdan,Vuković,2011-01-19,064-605-9059,Aleksandra Vuković,regularna,2026-05-24,Škola odbojke Novi Beograd
Filip,Blagojević,2013-04-21,069-893-2928,Dunja Blagojević,drugo_dete,2026-05-04,Škola odbojke Novi Beograd
Mia,Pavlović,2010-11-09,061-438-6381,Filip Pavlović,regularna,2026-06-09,Škola odbojke Novi Beograd
Sofija,Antić,2010-05-07,068-599-2079,Andrej Antić,regularna,,Škola odbojke Novi Beograd
Teodor,Antić,2010-05-07,069-472-4953,Kristina Antić,regularna,2026-08-05,Škola odbojke Novi Beograd
Nađa,Ristić,2015-09-14,063-516-4856,Pavle Ristić,popust10,2026-08-02,Škola odbojke Novi Beograd
Petar,Vasić,2011-11-18,068-357-9866,Nina Vasić,regularna,2026-04-09,Škola odbojke Novi Beograd
Matija,Stojanović,2015-03-06,068-379-6231,Sofija Stojanović,regularna,2026-03-10,Škola odbojke Novi Beograd
David,Petrović,2007-02-16,063-358-1918,Sofija Petrović,popust10,,Škola odbojke Novi Beograd
Ivana,Lukić,2010-07-16,069-903-5010,David Lukić,regularna,2026-06-22,Škola odbojke Novi Beograd
Mia,Nikolić,2013-04-02,069-585-7596,Miloš Nikolić,regularna,2026-02-13,Škola odbojke Novi Beograd
Ivana,Kostić,2005-04-28,067-701-6170,Aleksandar Kostić,popust30,,Škola odbojke Novi Beograd
Vanja,Stanković,2015-09-19,066-856-7534,Strahinja Stanković,regularna,2026-02-01,Škola odbojke Novi Beograd
David,Pavlović,2006-11-14,063-563-8129,Anđela Pavlović,regularna,2026-08-17,Škola odbojke Novi Beograd
Aleksandra,Živković,2011-12-16,068-565-7160,Stefan Živković,drugo_dete,2026-01-30,Škola odbojke Novi Beograd
Nikolina,Nikolić,2006-04-24,069-712-8450,Mihailo Nikolić,regularna,2026-06-07,Škola odbojke Novi Beograd
Stefan,Antić,2008-12-11,069-828-7411,Tijana Antić,regularna,2026-05-26,Škola odbojke Novi Beograd
Ivana,Nikolić,2010-07-10,063-865-8104,Uroš Nikolić,regularna,2026-08-09,Škola odbojke Novi Beograd
Stefan,Simić,2006-12-12,069-589-5121,Jelena Simić,regularna,2026-04-01,Škola odbojke Novi Beograd
Mila,Stojanović,2008-06-26,068-122-5496,Luka Stojanović,trece_dete,2026-04-09,Škola odbojke Novi Beograd
Hana,Stojanović,2011-11-16,064-925-7881,Lazar Stojanović,drugo_dete,,Škola odbojke Novi Beograd
Pavle,Kostić,2011-10-01,064-461-8087,Tijana Kostić,trece_dete,,Škola odbojke Novi Beograd
Vasilije,Radovanović,2012-06-27,063-489-5483,Marija Radovanović,regularna,2026-04-07,Škola odbojke Novi Beograd
Uroš,Ristić,2007-03-26,064-741-5091,Nina Ristić,regularna,2026-07-23,Škola odbojke Novi Beograd
Marko,Obradović,2005-05-01,067-158-1460,Nikolina Obradović,popust30,2026-05-30,Škola odbojke Novi Beograd
Nemanja,Lukić,2006-06-26,063-966-8764,Mia Lukić,drugo_dete,2026-05-01,Škola odbojke Novi Beograd
Sara,Popović,2008-04-20,069-427-3461,Mihailo Popović,popust30,2026-05-27,Škola odbojke Novi Beograd
Vanja,Stojanović,2012-11-25,062-584-6819,Filip Stojanović,popust20,2026-06-28,Škola odbojke Novi Beograd
Sara,Stevanović,2013-08-23,060-970-2026,Nikola Stevanović,oslobodjen,2026-04-05,Škola odbojke Novi Beograd
Nikola,Todorović,2014-08-20,068-982-7333,Jelena Todorović,regularna,2026-05-08,Škola odbojke Novi Beograd
Filip,Živković,2006-01-22,062-812-6282,Tijana Živković,regularna,2026-06-10,Škola odbojke Novi Beograd
Nemanja,Jovanović,2006-01-08,064-406-5275,Katarina Jovanović,regularna,,Škola odbojke Novi Beograd
Marija,Jović,2010-02-06,061-580-9384,Vukan Jović,regularna,2026-02-10,Škola odbojke Novi Beograd
Kristina,Lukić,2007-07-12,068-371-8677,Mihailo Lukić,regularna,2026-04-08,Škola odbojke Novi Beograd
Vuk,Jovanović,2011-01-21,060-735-8474,Nađa Jovanović,regularna,2026-05-20,Škola odbojke Novi Beograd
Nikolina,Ristić,2004-07-17,068-332-4189,David Ristić,regularna,,Škola odbojke Novi Beograd
Kristina,Vasić,2006-01-28,064-629-6845,Jovan Vasić,regularna,2026-07-25,Škola odbojke Novi Beograd
Uroš,Obradović,2015-02-15,068-545-9956,Mia Obradović,popust20,,Škola odbojke Novi Beograd
Teodor,Kostić,2013-11-16,063-557-9905,Lara Kostić,regularna,2026-03-14,Škola odbojke Novi Beograd
Teodor,Stanković,2013-10-03,063-880-6097,Nina Stanković,regularna,2026-04-01,Škola odbojke Novi Beograd
Vukan,Stojanović,2005-03-02,065-135-3302,Anđela Stojanović,regularna,2026-02-14,Škola odbojke Novi Beograd
Andrej,Đukić,2011-12-06,065-750-2887,Isidora Đukić,popust20,,Škola odbojke Novi Beograd
Uroš,Milošević,2006-07-23,062-525-9111,Lara Milošević,popust30,2026-06-22,Škola odbojke Novi Beograd
Anđela,Aksentijević,2010-02-09,062-811-4885,Relja Aksentijević,regularna,2026-03-05,Škola odbojke Novi Beograd
Lazar,Cvetković,2007-12-11,067-107-1964,Elena Cvetković,regularna,2026-05-16,Škola odbojke Novi Beograd
Nikola,Pavlović,2004-06-20,065-670-6407,Jovana Pavlović,regularna,,Škola odbojke Novi Beograd
Marko,Popović,2015-11-19,063-559-4107,Dunja Popović,popust10,2026-08-03,Škola odbojke Novi Beograd
Uroš,Ilić,2013-07-20,066-863-3673,Anastasija Ilić,trece_dete,2026-08-09,Škola odbojke Novi Beograd
Milica,Đorđević,2015-01-01,063-997-7241,Filip Đorđević,regularna,,Škola odbojke Novi Beograd
Andrej,Vuković,2013-10-04,063-393-3948,Ivana Vuković,regularna,2026-05-03,Škola odbojke Zemun
Pavle,Đukić,2013-03-27,068-910-7152,Marija Đukić,regularna,,Škola odbojke Zemun
Petar,Jovanović,2010-10-01,063-925-6501,Nađa Jovanović,regularna,2026-02-02,Škola odbojke Zemun
Nađa,Radovanović,2010-03-13,065-823-2764,Relja Radovanović,popust30,,Škola odbojke Zemun
Katarina,Milošević,2010-12-24,062-743-7444,Matija Milošević,regularna,2026-07-25,Škola odbojke Zemun
Strahinja,Vasić,2006-10-20,069-690-5544,Nina Vasić,regularna,2026-03-08,Škola odbojke Zemun
Milica,Đorđević,2007-10-03,062-895-2018,Uroš Đorđević,regularna,2026-06-12,Škola odbojke Zemun
Uroš,Živković,2011-08-22,060-368-4064,Anđela Živković,regularna,2026-03-20,Škola odbojke Zemun
Vukan,Vuković,2007-09-20,065-851-1017,Anđela Vuković,regularna,,Škola odbojke Zemun
Lazar,Todorović,2007-09-21,060-166-8065,Milica Todorović,drugo_dete,2026-01-29,Škola odbojke Zemun
Anastasija,Savić,2014-11-14,064-425-7512,Strahinja Savić,regularna,2026-02-14,Škola odbojke Zemun
Ivana,Cvetković,2005-03-20,069-265-1578,Luka Cvetković,regularna,2026-07-07,Škola odbojke Zemun
Relja,Cvetković,2004-06-04,060-242-8526,Sara Cvetković,drugo_dete,2026-02-28,Škola odbojke Zemun
Zoe,Kostić,2006-02-02,060-587-4757,Damjan Kostić,regularna,,Škola odbojke Zemun
Jovan,Stojanović,2013-02-20,065-223-7108,Sara Stojanović,popust30,2026-05-19,Škola odbojke Zemun
Jelena,Đukić,2004-11-18,065-393-8275,Mihailo Đukić,oslobodjen,2026-05-06,Škola odbojke Zemun
Anastasija,Jovanović,2014-08-20,068-260-9362,Petar Jovanović,regularna,,Škola odbojke Zemun
Nemanja,Živković,2010-12-10,061-566-9285,Nina Živković,regularna,2026-05-14,Škola odbojke Zemun
Dunja,Cvetković,2011-02-04,060-818-7547,Strahinja Cvetković,popust10,,Škola odbojke Zemun
Miloš,Đorđević,2010-10-08,062-555-5834,Vasilija Đorđević,regularna,2026-06-29,Škola odbojke Zemun
Filip,Blagojević,2013-03-06,062-216-2055,Dunja Blagojević,popust20,2026-06-29,Škola odbojke Zemun
Ivana,Stojanović,2011-01-11,062-534-2231,Nikola Stojanović,regularna,2026-03-09,Škola odbojke Zemun
Lara,Simić,2010-01-20,062-581-9106,Ivan Simić,regularna,2026-05-08,Škola odbojke Zemun
Bogdan,Nikolić,2005-08-20,062-428-1990,Hana Nikolić,drugo_dete,2026-01-31,Škola odbojke Zemun
Luka,Stanković,2008-09-18,064-354-3807,Zoe Stanković,popust10,2026-07-10,Škola odbojke Zemun
Nina,Todorović,2015-12-08,067-164-2937,Bogdan Todorović,popust10,,Škola odbojke Zemun
Bogdan,Filipović,2015-08-12,063-477-2263,Dunja Filipović,regularna,2026-03-20,Škola odbojke Zemun
Vasilije,Nikolić,2015-09-20,069-912-8082,Kristina Nikolić,regularna,2026-05-19,Škola odbojke Zemun
Elena,Marković,2011-08-12,068-967-5396,Vukan Marković,drugo_dete,2026-06-10,Škola odbojke Zemun
Sofija,Đukić,2007-06-19,061-917-3846,Vukan Đukić,regularna,2026-03-13,Škola odbojke Zemun
Lazar,Đorđević,2004-09-09,067-331-2546,Kristina Đorđević,regularna,2026-04-23,Škola odbojke Zemun
Bogdan,Aksentijević,2011-05-24,067-130-4431,Isidora Aksentijević,popust30,2026-02-04,Škola odbojke Zemun
Mila,Ilić,2011-02-03,069-667-1247,Aleksandar Ilić,regularna,2026-03-22,Škola odbojke Zemun
Sofija,Todorović,2011-08-12,064-236-6893,Pavle Todorović,popust20,2026-02-28,Škola odbojke Zemun
Đorđe,Todorović,2013-03-18,061-615-2516,Elena Todorović,regularna,2026-07-13,Škola odbojke Zemun
Nađa,Jović,2011-02-25,067-761-1586,Aleksa Jović,popust10,,Škola odbojke Zemun
Marija,Marković,2008-07-26,068-862-8288,Pavle Marković,regularna,2026-02-13,Škola odbojke Zemun
Vuk,Antić,2014-03-15,062-677-5578,Jovana Antić,popust30,2026-05-30,Škola odbojke Zemun
Bogdan,Obradović,2011-09-13,061-316-2136,Mila Obradović,regularna,2026-02-07,Škola odbojke Zemun
Pavle,Todorović,2010-07-15,060-363-1974,Elena Todorović,drugo_dete,2026-04-04,Škola odbojke Zemun
Miloš,Ilić,2008-10-16,060-318-7223,Tijana Ilić,popust30,2026-03-06,Škola odbojke Zemun
Aleksandra,Lukić,2014-10-07,061-474-3695,Strahinja Lukić,regularna,2026-07-30,Škola odbojke Zemun
Luka,Filipović,2011-02-08,064-763-9808,Hana Filipović,oslobodjen,2026-04-28,Škola odbojke Zemun
Nemanja,Antić,2011-09-22,065-680-3376,Isidora Antić,regularna,,Škola odbojke Zemun
Hana,Ristić,2008-02-14,063-957-6746,Nikola Ristić,regularna,,Škola odbojke Zemun
Vuk,Marković,2010-01-19,069-490-6512,Isidora Marković,regularna,2026-05-27,Škola odbojke Zemun
Matija,Antić,2010-12-27,061-304-4095,Katarina Antić,regularna,2026-02-07,Škola odbojke Zemun
Vuk,Filipović,2007-08-12,061-583-2642,Sofija Filipović,regularna,2026-08-06,Škola odbojke Zemun
Kristina,Todorović,2005-06-07,063-224-8519,Aleksandar Todorović,regularna,2026-08-03,Škola odbojke Zemun
Lara,Nikolić,2015-01-02,064-392-5791,Bogdan Nikolić,regularna,2026-08-03,Škola odbojke Zemun
